Input,Username,User ID
_joaniemcleod,_joaniemcleod,380556245
180essentialsskincare_,180essentialsskincare_,5452896446
417aesthetician,417aesthetician,10435378784
agelessbyramona,agelessbyramona,9125286677
agelessglamourgirls,agelessglamourgirls,3502769875
agingasart,agingasart,30333898249
agingexcellence,agingexcellence,4697528933
ahsaunas,ahsaunas,6971255723
aishahiqbal,aishahiqbal,453995270
alexandria.wynter,alexandria.wynter,278692621
alice_khalkad,alice_khalkad,29473844
aliciavaldez.life,aliciavaldez.life,8454491226
allenmidwifery,allenmidwifery,3277867025
allisonelliottbeauty,allisonelliottbeauty,2885922
alohatevani,alohatevani,7146965144
amanda_rose_esthetic,amanda_rose_esthetic,3049115865
amanda_white_microblading,amanda_white_microblading,4905347014
amandeancollagen,amandeancollagen,2330617269
amp.aesthetics,amp.aesthetics,5570098396
anchorpointtraining,anchorpointtraining,2096636225
andreinapio,andreinapio,45065265
angela.burrow.50,angela.burrow.50,45443304371
angelic.humanity,angelic.humanity,1630845044
angelstouchstudio,angelstouchstudio,5765885168
anjalidsouzamd,anjalidsouzamd,10613813669
ann.mariev,ann.mariev,4107317201
antiagingandweightloss,antiagingandweightloss,1914367256
archerhybridfitness,archerhybridfitness,2206309432
arcwomenshealth,arcwomenshealth,1228377630
ardensgardenatl,ardensgardenatl,365592066
ariel_griglin,ariel_griglin,20635455
ariel.aesthetics.rn,ariel.aesthetics.rn,4321651424
ashaestheticmiami,ashaestheticmiami,3988242082
askdrguy,askdrguy,10735892897
aslandepot,aslandepot,6243815598
auroraestheticinc,auroraestheticinc,32013575904
autismgrownup,autismgrownup,7190211138
ayurveda_nama,ayurveda_nama,4658398597
b.b.wellness,b.b.wellness,1481955518
bahamiaulysse,bahamiaulysse,1259889365
bautistahealthantiaging,bautistahealthantiaging,3317214482
beauti.juice,beauti.juice,21852726302
beautibardayspa,beautibardayspa,29814733
beautique.medical,beautique.medical,2426169847
beautybyburdey,beautybyburdey,4628141248
beautydivajen,beautydivajen,34949857
beautypractitioner,beautypractitioner,246901723
beautyproofskincare,beautyproofskincare,4180961958
beginningsbirthcenter,beginningsbirthcenter,8256321576
bergeron_ebf,bergeron_ebf,315262691
bestever.skin,bestever.skin,49517473407
beverlywoodmed,beverlywoodmed,2201777765
bevsguidetogorgeous,bevsguidetogorgeous,173698773
birdrockbaby,birdrockbaby,3002022899
blacklotusspamia,blacklotusspamia,5784328935
blossom_med_spa,blossom_med_spa,3023421148
blushandglow.aesthetics,blushandglow.aesthetics,21209658015
bodicures_,bodicures_,977704599
bodyfitcompletefitness,bodyfitcompletefitness,2263457791
bodyfixhawaii,bodyfixhawaii,4849963515
bodymorphmd,bodymorphmd,27251571686
bovisagemedspa,bovisagemedspa,20502115256
brandy_holla_way,brandy_holla_way,1740167186
brianjburk_,brianjburk_,1939351993
brownstonespa_az,brownstonespa_az,1095118525
buckinstituteforaging,buckinstituteforaging,7766266871
bugible,bugible,1908522712
bumpinblends,bumpinblends,8470731053
butterflyantiagingclinic,butterflyantiagingclinic,3542579259
buyoakbarrels,buyoakbarrels,2210619844
bymildredbean,bymildredbean,361757271
byoungesthetics,byoungesthetics,8163310914
caitskincare,caitskincare,4931695575
candaceraycan,candaceraycan,2150893273
carlisnider,carlisnider,38498865
cathyngo0801,cathyngo0801,261963279
cavispa,cavispa,1146892571
celeoct10,celeoct10,591817587
cellar3,cellar3,2696267132
cellska,cellska,7079574535
ceremoniabakeshop,ceremoniabakeshop,2236195195
chanelbeautytherapy,chanelbeautytherapy,8373460244
chillcryotherapy,chillcryotherapy,2127935491
christine_the_lip_queen,christine_the_lip_queen,3599907541
claire_assana,claire_assana,463984226
cocoschalkypowder,cocoschalkypowder,1952171727
completelaserclinic,completelaserclinic,2680138784
correctiveskincarela,correctiveskincarela,529721730
coutureskinaz,coutureskinaz,6338601724
covetbeautyskin,covetbeautyskin,12480106
crackedpot_coffee,crackedpot_coffee,6889629629
ct_spraytans,ct_spraytans,8519974558
ctorganics,ctorganics,286666773
dailyapple1,dailyapple1,1672554895
damarismariag,damarismariag,184510557
danasdigest,danasdigest,2955498343
darlenefitness,darlenefitness,3909684416
davere77,davere77,211556901
dawn__jaeger,dawn__jaeger,21218468
debra.warren,debra.warren,748578938
debrakrueger_skinstudio,debrakrueger_skinstudio,3605879166
deenathrockmorton,deenathrockmorton,209143427
demimuse,demimuse,12541432
desnuesthetics,desnuesthetics,1935640029
detroitsweat,detroitsweat,7279332193
dexafitmidtownsac,dexafitmidtownsac,8686934685
dgro39,dgro39,53861929
dian.ginsberg_md,dian.ginsberg_md,3000649121
dieting_deliciously,dieting_deliciously,2043511023
dinnerly,dinnerly,4469865863
diverseskinsolutionsacnecare,diverseskinsolutionsacnecare,3702603483
dnauglesmd,dnauglesmd,1113356924
donnarayerose,donnarayerose,873772807
douglaslaboratories,douglaslaboratories,2970133992
dr.darvish.nd,dr.darvish.nd,318703168
dr.rubinov,dr.rubinov,12541919685
dramarjorie,dramarjorie,349974164
drcarolwatson,drcarolwatson,624399445
drclarayu,drclarayu,226658954
drelliotanavim,drelliotanavim,9945955419
drinkmosswood,drinkmosswood,647891103
drjohnbergman,drjohnbergman,1395618974
dropsofsunshine_co,dropsofsunshine_co,2376385910
drrobynbenson,drrobynbenson,5731829094
drslater,drslater,1477539905
dryolandaholmesdc,dryolandaholmesdc,11631733474
dzsunless,dzsunless,4979445813
earlycareplan,earlycareplan,4940099031
elan.aesthetics,elan.aesthetics,24817883564
empireesti_shay,empireesti_shay,10807938750
endlesslyloverman,endlesslyloverman,280946933
enlightened_living_medicine,enlightened_living_medicine,6850196416
erinskinner_rd,erinskinner_rd,273703580
euroimagemedspa,euroimagemedspa,6796694216
evamarcillehomecollection,evamarcillehomecollection,6698412135
evolisprofessionalusa,evolisprofessionalusa,3941089548
exzaltfitness,exzaltfitness,2699538972
eyebrowmicrobladingbypri,eyebrowmicrobladingbypri,4294010236
fabulousjacque,fabulousjacque,144170633
fabulouslyandfierce,fabulouslyandfierce,1950712903
faces_skingym,faces_skingym,4925967149
faces_theskincarelounge,faces_theskincarelounge,311651537
faieducation,faieducation,3429122792
firstamericanhealth,firstamericanhealth,25544952688
fitfearlessfree,fitfearlessfree,1478632144
flawlessaesthetic,flawlessaesthetic,3056518891
fleurdevieofficial,fleurdevieofficial,285361422
flow_with_erica,flow_with_erica,13281743658
fmcoachkari,fmcoachkari,2120432659
foreveryoungantiaging,foreveryoungantiaging,6612737186
fountainofyouthmedical,fountainofyouthmedical,7073499057
freefitdream__fitness,freefitdream__fitness,1417151261
fulfilled.life,fulfilled.life,145606369
getamazingskincare,getamazingskincare,8994588233
getbarewith_jalair,getbarewith_jalair,2136329615
getbiocure,getbiocure,8408473944
getfitwithscott,getfitwithscott,2251749230
giveskincare239,giveskincare239,10723091641
glamherlashandacademy,glamherlashandacademy,281213206
glamlab_bodysculpt,glamlab_bodysculpt,11639951614
glowbyeb_,glowbyeb_,9552563499
glowupsuite,glowupsuite,1493344015
gnc17th,gnc17th,7666538580
goldcosmeticsandskincarefl,goldcosmeticsandskincarefl,51931063777
good.tidings,good.tidings,2137707035
gracemclaurin_pac,gracemclaurin_pac,39737788
happywifestyle,happywifestyle,1270202318
hardnightgoodmorning,hardnightgoodmorning,204597775
healing_hashi,healing_hashi,8442097242
healthifulbytes,healthifulbytes,3656097999
healthwarriordoc,healthwarriordoc,6630222713
heartsinbloomhealth,heartsinbloomhealth,269745215
heather_merker,heather_merker,2203357
heathergordonspa,heathergordonspa,245009905
heidifannin,heidifannin,51557427
hivlongtermsurvivor,hivlongtermsurvivor,4476996633
honestgrill,honestgrill,46495561675
honor,honor,1991300846
hourglass_diva,hourglass_diva,242775872
iamkelib,iamkelib,304403250
induetimeministries,induetimeministries,14418522
insideoutbeauty_melissa,insideoutbeauty_melissa,6906417740
integrutopia_md,integrutopia_md,35872460589
ironcult,ironcult,1478785711
its_moo24,its_moo24,21343554
jacquelines_glow,jacquelines_glow,14373041
jacquelynn_ennis,jacquelynn_ennis,27088250
jaillinodalys,jaillinodalys,319077902
jami_appenzeller,jami_appenzeller,2077743577
jeannettesessence,jeannettesessence,4346762894
jen.the.aesthetic.rn,jen.the.aesthetic.rn,11116757429
jenna_little_wellness,jenna_little_wellness,1296954024
jennab_miller,jennab_miller,217501610
jennifer_sardo_,jennifer_sardo_,2692862541
jessi.esti,jessi.esti,3133451037
jessicaoar,jessicaoar,1808269904
jlwwaller,jlwwaller,20568660
johncwmarketing,johncwmarketing,527596249
joymongers_winston,joymongers_winston,18149721341
jpgoncalvesart,jpgoncalvesart,463061101
jtvbeauty,jtvbeauty,6066371453
juveniapetsusa,juveniapetsusa,33994940585
jwil__,jwil__,34428615
kamilla_skincare,kamilla_skincare,5416185181
kamipure,kamipure,6834536688
karencurryhair,karencurryhair,254766241
kasayogadallas,kasayogadallas,6353340868
katiejackson.wellness,katiejackson.wellness,248871511
katina.bajaj,katina.bajaj,3082147320
kayatl_,kayatl_,32921772
kaydillie,kaydillie,2518219025
keepingitsimplewithbridget,keepingitsimplewithbridget,3070698440
keishais50ish,keishais50ish,37801110517
kellieoproducts,kellieoproducts,3628399034
kellyarichardson5,kellyarichardson5,207462917
kendallkai_,kendallkai_,11591758
kim_muoiodaniels,kim_muoiodaniels,52945258
kimberlymlaverick,kimberlymlaverick,192479416
kk_aesthetics,kk_aesthetics,40953715435
knowhow2nourish,knowhow2nourish,514338233
kristenrbowman,kristenrbowman,1427052201
kristinmillerbeauty,kristinmillerbeauty,4780291633
kristygary_,kristygary_,7434834769
ladellhillmhs,ladellhillmhs,577265509
lafranceaesthetics,lafranceaesthetics,9190784563
lanitajofox,lanitajofox,401493017
laserbyk,laserbyk,8445193238
laurafrancessmith,laurafrancessmith,11243685
laurengallegosfitness,laurengallegosfitness,203532596
laurenrayebeauty,laurenrayebeauty,2925291675
laurieboudreaux111,laurieboudreaux111,197317196
lavishlasermedspa,lavishlasermedspa,29883619037
lazaronutrition,lazaronutrition,2224555870
leahs.nourished.life,leahs.nourished.life,190439812
lee_anne.marie,lee_anne.marie,25789888
lepetitspaclt,lepetitspaclt,3608401304
lightandlotus,lightandlotus,1532451915
lilliandujour,lilliandujour,4403159871
lipsbybecs,lipsbybecs,3270639565
lisacapuchino,lisacapuchino,20879510
lisandralang_,lisandralang_,187305347
livingyoungcenter,livingyoungcenter,1819513985
lizellearzuaga,lizellearzuaga,299427486
louielouiephl,louielouiephl,5881122871
lovebeautifulskin,lovebeautifulskin,1237924342
luccilkn,luccilkn,5708649296
luckcbd,luckcbd,641895101
lux_glo_by_jo,lux_glo_by_jo,7426609831
makeup_artists_choice,makeup_artists_choice,2166276350
malrosebeautycollection,malrosebeautycollection,6972419389
marcis_skincare,marcis_skincare,376203475
marielacogornomd,marielacogornomd,9417571856
markosd1salon,markosd1salon,8148491762
maronyaesthetics,maronyaesthetics,1424567755
matt_means_awesome,matt_means_awesome,1603112789
max_and_jane,max_and_jane,1327036987
maysderm,maysderm,6002328533
mdskinlabmiami,mdskinlabmiami,42705267
mdsunskincare,mdsunskincare,1633376457
medicalguardian,medicalguardian,321434382
megkozlowski,megkozlowski,25775768
melanie.abeyta.np,melanie.abeyta.np,744929910
melinafitness,melinafitness,214558009
melissa.brewcrew,melissa.brewcrew,6607851
mermaid_beauty_center,mermaid_beauty_center,6082285206
metaboliconline,metaboliconline,31953989201
metaskinstudio,metaskinstudio,4924206061
miamisurgical_medspa,miamisurgical_medspa,1812158951
michaelashine,michaelashine,187192733
midlife_wanderer_,midlife_wanderer_,1427121661
mindy.monat,mindy.monat,3896129969
mischakleinspa,mischakleinspa,6029234966
modern.medicine.woman,modern.medicine.woman,174328373
moeoliveiraaa,moeoliveiraaa,334489601
mollyparkerpt,mollyparkerpt,6781192998
momgiggles,momgiggles,2205373818
mona4god1,mona4god1,260194490
moramedical,moramedical,5992543370
mpskincareusa,mpskincareusa,7101187340
mroue_antiagingcenter,mroue_antiagingcenter,3149154409
myersdetox,myersdetox,353521293
mymoroccanspa,mymoroccanspa,222763771
mysequinlife,mysequinlife,9434803
myskincaregirl,myskincaregirl,303261955
mysticskinstudio,mysticskinstudio,11931689576
nacdrops,nacdrops,2265078241
navs.beauty.lounge,navs.beauty.lounge,55061460185
neora_w_ej,neora_w_ej,4077006414
nickypindar_,nickypindar_,28505664
nlariva,nlariva,235636602
norashanknutrition,norashanknutrition,434493763
northshorelaservein,northshorelaservein,4109557444
northstarcafe,northstarcafe,813876227
nouritresspro,nouritresspro,6298088669
nutritionmechanic,nutritionmechanic,7023088035
officialhaydengirls,officialhaydengirls,2916836870
oilofru,oilofru,189366260
omnicenters,omnicenters,4350968774
onlinewithmeagan,onlinewithmeagan,6201886
organic_beeoch,organic_beeoch,2459637453
ounceofnature,ounceofnature,5012073520
pamelanebeker_the_art_of_age,pamelanebeker_the_art_of_age,570182187
pandoraskinstudio,pandoraskinstudio,5722597869
paolaadamss,paolaadamss,3988523028
parlez_vous_beaute,parlez_vous_beaute,4496431069
perfectbody_andface,perfectbody_andface,24501795409
petvetexpert,petvetexpert,5413084556
physicalmind,physicalmind,270021358
pink_sands_spa,pink_sands_spa,1403809469
pomahinadesigns,pomahinadesigns,449906292
poshskinandbrows,poshskinandbrows,7005957442
positiveglowskincare,positiveglowskincare,8097586054
powderedandpuckered,powderedandpuckered,13098743909
poweredbyhhp,poweredbyhhp,42448209
predireparis,predireparis,3867542146
primehealthdenver,primehealthdenver,8697492455
pure_wander,pure_wander,2670831680
purehealthmedicine,purehealthmedicine,8615233222
purplepeachaesthetics,purplepeachaesthetics,6847749235
radonutrition,radonutrition,2952449269
regenseries,regenseries,7848156970
reneebelz,reneebelz,54850958
renewbodycontouring,renewbodycontouring,3162965080
revesdesabine,revesdesabine,1721261458
reviva_wellness,reviva_wellness,29121141509
rhodes_fit,rhodes_fit,569392171
rhonda_regalado_fit,rhonda_regalado_fit,2792551
rnlosangeles,rnlosangeles,5808219267
rowyco_kustoms_gtr_finishing,rowyco_kustoms_gtr_finishing,8267615980
roxannelynnobrien,roxannelynnobrien,32861642
royalty_wellnessspa,royalty_wellnessspa,7927959329
rubywellnessacademy,rubywellnessacademy,2219331681
runwithalli,runwithalli,190354348
sacredmamaorganics,sacredmamaorganics,8652183110
sara.hopson1411,sara.hopson1411,4302702145
satinmedspa,satinmedspa,1795991793
savvyrest,savvyrest,3288546651
scstockshop,scstockshop,666659661
sean_maynard_chc,sean_maynard_chc,1762843489
seanarmstead1,seanarmstead1,3524651068
setforlifela,setforlifela,4622804325
shannonentin,shannonentin,2750707
shardaeb_,shardaeb_,3536679302
sharellsbeautycorner,sharellsbeautycorner,3532408208
sharonanncruz,sharonanncruz,289771983
sheribultman,sheribultman,5699096228
silviacarnevalius,silviacarnevalius,5468692084
skin_by_izzy_,skin_by_izzy_,6895800725
skin_essence_day_spa,skin_essence_day_spa,6235038929
skincare_lab_palmbeach,skincare_lab_palmbeach,2337073854
skincarecataloger,skincarecataloger,48878123800
skincyclistxx,skincyclistxx,51076649097
skindeepmichigan,skindeepmichigan,221251439
skindeepstpete,skindeepstpete,1531852725
skinguruep,skinguruep,1689814122
skinloftesthetics,skinloftesthetics,29359178918
skinnbartx,skinnbartx,8175285755
skinsocialstudio,skinsocialstudio,7462440031
skintique.aesthetics,skintique.aesthetics,30364274
skylarlibertyrose,skylarlibertyrose,855615057
soaperie,soaperie,5450119638
solhealthybeauty,solhealthybeauty,258978597
soothe_aesthetics,soothe_aesthetics,212239401
southeast.aesthetic.wellness,southeast.aesthetic.wellness,640926272
spaveronica_,spaveronica_,280363302
springsrejuvenation,springsrejuvenation,28424885804
stefanoromangunness,stefanoromangunness,185796535
stylesby_becca,stylesby_becca,10615360247
summersseedlings,summersseedlings,177112966
sydzordani,sydzordani,452282078
tamboracai,tamboracai,22671019
tautusa,tautusa,1241351038
terri_mlotek,terri_mlotek,186047402
terryshorter,terryshorter,374655186
thatcoacherica,thatcoacherica,32032673
the_estheticians,the_estheticians,318470674
the_smile_expert,the_smile_expert,1915001873
the_superstition,the_superstition,13824766
the.cancer.nutritionist,the.cancer.nutritionist,1368571810
theartofagingmindfully,theartofagingmindfully,3165922520
theatlantainjector,theatlantainjector,18132354962
thebeautymayer,thebeautymayer,6208069
theblushingbean,theblushingbean,1944709486
thefitesthetician,thefitesthetician,7053069830
thefrenchnp,thefrenchnp,22414031927
thegaiaschoolofhealing,thegaiaschoolofhealing,228026562
thehavenluxespa,thehavenluxespa,1382503869
thehudsonvalleyfacialist,thehudsonvalleyfacialist,454494373
thelaserguru,thelaserguru,3443331325
thelorihart,thelorihart,513758767
theloriwilliams,theloriwilliams,264551568
theosteocenter,theosteocenter,3592496122
theplugbeautyroom,theplugbeautyroom,6825762304
therenegaderitualist,therenegaderitualist,5724834023
theselfcaregiver,theselfcaregiver,674784114
thesupernatural.lifestyle,thesupernatural.lifestyle,2303501604
thevipinjector_wellness,thevipinjector_wellness,251405134
thewoodhousecollective,thewoodhousecollective,30759286
theyogadarling,theyogadarling,5350359717
thisismodernaging,thisismodernaging,3247102598
throwinshadewithtammy,throwinshadewithtammy,1912418415
thyrstbeauty,thyrstbeauty,6648954238
timelessrx,timelessrx,3425274209
tkdbeauty_,tkdbeauty_,23096717381
traceythesacredceo,traceythesacredceo,188078668
trophybeautyspa,trophybeautyspa,444635095
trubeauty_esthetics,trubeauty_esthetics,258876568
trustmdskin,trustmdskin,8285554569
tytemedispa.millbrook,tytemedispa.millbrook,3964670498
urban_injections_by_stacie,urban_injections_by_stacie,1291598711
veganpregnancyandparenting,veganpregnancyandparenting,4246400289
veronicamitchellwriter,veronicamitchellwriter,6249367465
vicariouslycatie,vicariouslycatie,1809354022
viiva_official,viiva_official,8484640366
vital.root.wellness,vital.root.wellness,43124435492
vitalforceal,vitalforceal,7777821069
vitastream,vitastream,7608302741
vkbeautyspa_pbg,vkbeautyspa_pbg,4447827982
vlineaesthetics,vlineaesthetics,1462382252
wearewithit,wearewithit,8513660665
whimsymel,whimsymel,197501010
whosmirranda,whosmirranda,42941149
whydratekennesaw,whydratekennesaw,4609193112
wishofalifetime,wishofalifetime,202509826
with.love.layna,with.love.layna,2126204704
wonderfullymade.rd,wonderfullymade.rd,1600641907
xolizlove,xolizlove,17095961
xxvbeauty,xxvbeauty,3277879210
yoga_with_lillah,yoga_with_lillah,2554372114
yonicrystals,yonicrystals,2911213343
yummybitegroup,yummybitegroup,6726462953
yurebeautyspa,yurebeautyspa,11922866728
zativalife,zativalife,5186574130
