Input,Username,User ID
beautyproofskincare,beautyproofskincare,4180961958
medicalguardian,medicalguardian,321434382
bestever.skin,bestever.skin,49517473407
skinsocialstudio,skinsocialstudio,7462440031
keepingitsimplewithbridget,keepingitsimplewithbridget,3070698440
cellar3,cellar3,2696267132
ayurveda_nama,ayurveda_nama,4658398597
yonicrystals,yonicrystals,2911213343
jpgoncalvesart,jpgoncalvesart,463061101
trubeauty_esthetics,trubeauty_esthetics,258876568
solhealthybeauty,solhealthybeauty,258978597
aliciavaldez.life,aliciavaldez.life,8454491226
navs.beauty.lounge,navs.beauty.lounge,55061460185
traceythesacredceo,traceythesacredceo,188078668
danasdigest,danasdigest,2955498343
cocoschalkypowder,cocoschalkypowder,1952171727
jacquelynn_ennis,jacquelynn_ennis,27088250
mona4god1,mona4god1,260194490
kk_aesthetics,kk_aesthetics,40953715435
fleurdevieofficial,fleurdevieofficial,285361422
renewbodycontouring,renewbodycontouring,3162965080
shannonentin,shannonentin,2750707
perfectbody_andface,perfectbody_andface,24501795409
healthwarriordoc,healthwarriordoc,6630222713
180essentialsskincare_,180essentialsskincare_,5452896446
debra.warren,debra.warren,748578938
mollyparkerpt,mollyparkerpt,6781192998
theatlantainjector,theatlantainjector,18132354962
sydzordani,sydzordani,452282078
firstamericanhealth,firstamericanhealth,25544952688
freefitdream__fitness,freefitdream__fitness,1417151261
makeup_artists_choice,makeup_artists_choice,2166276350
sean_maynard_chc,sean_maynard_chc,1762843489
springsrejuvenation,springsrejuvenation,28424885804
insideoutbeauty_melissa,insideoutbeauty_melissa,6906417740
faces_theskincarelounge,faces_theskincarelounge,311651537
brianjburk_,brianjburk_,1939351993
covetbeautyskin,covetbeautyskin,12480106
dian.ginsberg_md,dian.ginsberg_md,3000649121
faces_skingym,faces_skingym,4925967149
jtvbeauty,jtvbeauty,6066371453
predireparis,predireparis,3867542146
bevsguidetogorgeous,bevsguidetogorgeous,173698773
whosmirranda,whosmirranda,42941149
whydratekennesaw,whydratekennesaw,4609193112
wishofalifetime,wishofalifetime,202509826
dr.darvish.nd,dr.darvish.nd,318703168
revesdesabine,revesdesabine,1721261458
thevipinjector_wellness,thevipinjector_wellness,251405134
drcarolwatson,drcarolwatson,624399445
louielouiephl,louielouiephl,5881122871
carlisnider,carlisnider,38498865
lanitajofox,lanitajofox,401493017
spaveronica_,spaveronica_,280363302
skintique.aesthetics,skintique.aesthetics,30364274
powderedandpuckered,powderedandpuckered,13098743909
thebeautymayer,thebeautymayer,6208069
northshorelaservein,northshorelaservein,4109557444
endlesslyloverman,endlesslyloverman,280946933
purplepeachaesthetics,purplepeachaesthetics,6847749235
ct_spraytans,ct_spraytans,8519974558
myersdetox,myersdetox,353521293
skin_essence_day_spa,skin_essence_day_spa,6235038929
shardaeb_,shardaeb_,3536679302
skinnbartx,skinnbartx,8175285755
soaperie,soaperie,5450119638
bodyfixhawaii,bodyfixhawaii,4849963515
kellieoproducts,kellieoproducts,3628399034
bodyfitcompletefitness,bodyfitcompletefitness,2263457791
bugible,bugible,1908522712
kimberlymlaverick,kimberlymlaverick,192479416
vitastream,vitastream,7608302741
dnauglesmd,dnauglesmd,1113356924
throwinshadewithtammy,throwinshadewithtammy,1912418415
davere77,davere77,211556901
buckinstituteforaging,buckinstituteforaging,7766266871
bodymorphmd,bodymorphmd,27251571686
euroimagemedspa,euroimagemedspa,6796694216
markosd1salon,markosd1salon,8148491762
kamipure,kamipure,6834536688
savvyrest,savvyrest,3288546651
elan.aesthetics,elan.aesthetics,24817883564
bumpinblends,bumpinblends,8470731053
yummybitegroup,yummybitegroup,6726462953
kamilla_skincare,kamilla_skincare,5416185181
erinskinner_rd,erinskinner_rd,273703580
sharellsbeautycorner,sharellsbeautycorner,3532408208
fountainofyouthmedical,fountainofyouthmedical,7073499057
goldcosmeticsandskincarefl,goldcosmeticsandskincarefl,51931063777
petvetexpert,petvetexpert,5413084556
skincyclistxx,skincyclistxx,51076649097
lisandralang_,lisandralang_,187305347
beauti.juice,beauti.juice,21852726302
scstockshop,scstockshop,666659661
skin_by_izzy_,skin_by_izzy_,6895800725
sheribultman,sheribultman,5699096228
heathergordonspa,heathergordonspa,245009905
blossom_med_spa,blossom_med_spa,3023421148
coutureskinaz,coutureskinaz,6338601724
rhonda_regalado_fit,rhonda_regalado_fit,2792551
kristygary_,kristygary_,7434834769
marcis_skincare,marcis_skincare,376203475
thehavenluxespa,thehavenluxespa,1382503869
bodicures_,bodicures_,977704599
deenathrockmorton,deenathrockmorton,209143427
timelessrx,timelessrx,3425274209
modern.medicine.woman,modern.medicine.woman,174328373
dieting_deliciously,dieting_deliciously,2043511023
parlez_vous_beaute,parlez_vous_beaute,4496431069
aslandepot,aslandepot,6243815598
jennifer_sardo_,jennifer_sardo_,2692862541
happywifestyle,happywifestyle,1270202318
theselfcaregiver,theselfcaregiver,674784114
melissa.brewcrew,melissa.brewcrew,6607851
417aesthetician,417aesthetician,10435378784
amanda_rose_esthetic,amanda_rose_esthetic,3049115865
nouritresspro,nouritresspro,6298088669
detroitsweat,detroitsweat,7279332193
ahsaunas,ahsaunas,6971255723
the_superstition,the_superstition,13824766
dailyapple1,dailyapple1,1672554895
xolizlove,xolizlove,17095961
aishahiqbal,aishahiqbal,453995270
celeoct10,celeoct10,591817587
skindeepmichigan,skindeepmichigan,221251439
cellska,cellska,7079574535
drinkmosswood,drinkmosswood,647891103
evamarcillehomecollection,evamarcillehomecollection,6698412135
karencurryhair,karencurryhair,254766241
trophybeautyspa,trophybeautyspa,444635095
heartsinbloomhealth,heartsinbloomhealth,269745215
jwil__,jwil__,34428615
thefitesthetician,thefitesthetician,7053069830
good.tidings,good.tidings,2137707035
luckcbd,luckcbd,641895101
vital.root.wellness,vital.root.wellness,43124435492
maysderm,maysderm,6002328533
metaskinstudio,metaskinstudio,4924206061
honestgrill,honestgrill,46495561675
pure_wander,pure_wander,2670831680
darlenefitness,darlenefitness,3909684416
whimsymel,whimsymel,197501010
lavishlasermedspa,lavishlasermedspa,29883619037
southeast.aesthetic.wellness,southeast.aesthetic.wellness,640926272
cavispa,1146892571,1146892571
lilliandujour,4403159871,4403159871
damarismariag,184510557,184510557
reviva_wellness,29121141509,29121141509
terri_mlotek,186047402,186047402
hardnightgoodmorning,204597775,204597775
skindeepstpete,1531852725,1531852725
joymongers_winston,18149721341,18149721341
hourglass_diva,242775872,242775872
debrakrueger_skinstudio,3605879166,3605879166
auroraestheticinc,32013575904,32013575904
blushandglow.aesthetics,21209658015,21209658015
positiveglowskincare,8097586054,8097586054
kristenrbowman,1427052201,1427052201
terryshorter,374655186,374655186
the.cancer.nutritionist,1368571810,1368571810
_joaniemcleod,380556245,380556245
jami_appenzeller,2077743577,2077743577
enlightened_living_medicine,6850196416,6850196416
amanda_white_microblading,4905347014,4905347014
earlycareplan,4940099031,4940099031
ashaestheticmiami,3988242082,3988242082
demimuse,12541432,12541432
exzaltfitness,2699538972,2699538972
flawlessaesthetic,3056518891,3056518891
evolisprofessionalusa,3941089548,3941089548
b.b.wellness,1481955518,1481955518
the_smile_expert,1915001873,1915001873
mermaid_beauty_center,6082285206,6082285206
summersseedlings,177112966,177112966
elysianaestheticscenterct,5063392266,5063392266
marielacogornomd,9417571856,9417571856
leslietunneyinteriors,1463866461,1463866461
theresarussbrewer,4642572823,4642572823
theyouthmethod,4112622046,4112622046
sharonanncruz,289771983,289771983
heidifannin,51557427,51557427
douglaslaboratories,2970133992,2970133992
stylesby_becca,10615360247,10615360247
thesupernatural.lifestyle,2303501604,2303501604
allenmidwifery,3277867025,3277867025
norashanknutrition,434493763,434493763
beautique.medical,2426169847,2426169847
ariel.aesthetics.rn,4321651424,4321651424
thewoodhousecollective,30759286,30759286
yurebeautyspa,11922866728,11922866728
silviacarnevalius,5468692084,5468692084
the_estheticians,318470674,318470674
wonderfullymade.rd,1600641907,1600641907
vicariouslycatie,1809354022,1809354022
wearewithit,8513660665,8513660665
vitalforceal,7777821069,7777821069
glowupsuite,1493344015,1493344015
beginningsbirthcenter,8256321576,8256321576
johncwmarketing,527596249,527596249
reneebelz,54850958,54850958
dropsofsunshine_co,2376385910,2376385910
drrobynbenson,5731829094,5731829094
mischakleinspa,6029234966,6029234966
ann.mariev,4107317201,4107317201
angelstouchstudio,5765885168,5765885168
induetimeministries,14418522,14418522
roxannelynnobrien,32861642,32861642
theyogadarling,5350359717,5350359717
fmcoachkari,2120432659,2120432659
poshskinandbrows,7005957442,7005957442
candaceraycan,2150893273,2150893273
sacredmamaorganics,8652183110,8652183110
northstarcafe,813876227,813876227
juveniapetsusa,33994940585,33994940585
agingexcellence,4697528933,4697528933
pamelanebeker_the_art_of_age,570182187,570182187
urban_injections_by_stacie,1291598711,1291598711
moeoliveiraaa,334489601,334489601
honor,1991300846,1991300846
seanarmstead1,3524651068,3524651068
andreinapio,45065265,45065265
theplugbeautyroom,6825762304,6825762304
fabulouslyandfierce,1950712903,1950712903
dryolandaholmesdc,11631733474,11631733474
theblushingbean,1944709486,1944709486
mroue_antiagingcenter,3149154409,3149154409
laserbyk,8445193238,8445193238
tytemedispa.millbrook,3964670498,3964670498
vlineaesthetics,1462382252,1462382252
purehealthmedicine,8615233222,8615233222
katina.bajaj,3082147320,3082147320
lisacapuchino,20879510,20879510
maronyaesthetics,1424567755,1424567755
onlinewithmeagan,6201886,6201886
dinnerly,4469865863,4469865863
vkbeautyspa_pbg,4447827982,4447827982
lovebeautifulskin,1237924342,1237924342
thelaserguru,3443331325,3443331325
fabulousjacque,144170633,144170633
rowyco_kustoms_gtr_finishing,8267615980,8267615980
desnuesthetics,1935640029,1935640029
dzsunless,4979445813,4979445813
jenna_little_wellness,1296954024,1296954024
pandoraskinstudio,5722597869,5722597869
beautybyburdey,4628141248,4628141248
thefrenchnp,22414031927,22414031927
brandy_holla_way,1740167186,1740167186
thelorihart,513758767,513758767
its_moo24,21343554,21343554
chillcryotherapy,2127935491,2127935491
regenseries,7848156970,7848156970
alohatevani,7146965144,7146965144
skincare_lab_palmbeach,2337073854,2337073854
soothe_aesthetics,212239401,212239401
moramedical,5992543370,5992543370
fulfilled.life,145606369,145606369
archerhybridfitness,2206309432,2206309432
amandeancollagen,2330617269,2330617269
angela.burrow.50,45443304371,45443304371
jennab_miller,217501610,217501610
kasayogadallas,6353340868,6353340868
completelaserclinic,2680138784,2680138784
amp.aesthetics,5570098396,5570098396
eyebrowmicrobladingbypri,4294010236,4294010236
anchorpointtraining,2096636225,2096636225
hivlongtermsurvivor,4476996633,4476996633
michaelashine,187192733,187192733
skylarlibertyrose,855615057,855615057
getbarewith_jalair,2136329615,2136329615
kim_muoiodaniels,52945258,52945258
momgiggles,2205373818,2205373818
rhodes_fit,569392171,569392171
theartofagingmindfully,3165922520,3165922520
jessicaoar,1808269904,1808269904
fitfearlessfree,1478632144,1478632144
autismgrownup,7190211138,7190211138
foreveryoungantiaging,6612737186,6612737186
anjalidsouzamd,10613813669,10613813669
miamisurgical_medspa,1812158951,1812158951
skinloftesthetics,29359178918,29359178918
cathyngo0801,261963279,261963279
beverlywoodmed,2201777765,2201777765
pink_sands_spa,1403809469,1403809469
neora_w_ej,4077006414,4077006414
kellyarichardson5,207462917,207462917
myskincaregirl,303261955,303261955
alexandria.wynter,278692621,278692621
keishais50ish,37801110517,37801110517
arcwomenshealth,1228377630,1228377630
omnicenters,4350968774,4350968774
correctiveskincarela,529721730,529721730
laurieboudreaux111,197317196,197317196
dgro39,53861929,53861929
tamboracai,22671019,22671019
melanie.abeyta.np,744929910,744929910
setforlifela,4622804325,4622804325
giveskincare239,10723091641,10723091641
mysequinlife,9434803,9434803
metaboliconline,31953989201,31953989201
ladellhillmhs,577265509,577265509
diverseskinsolutionsacnecare,3702603483,3702603483
lux_glo_by_jo,7426609831,7426609831
integrutopia_md,35872460589,35872460589
veganpregnancyandparenting,4246400289,4246400289
glamlab_bodysculpt,11639951614,11639951614
primehealthdenver,8697492455,8697492455
dramarjorie,349974164,349974164
lipsbybecs,3270639565,3270639565
lizellearzuaga,299427486,299427486
laurafrancessmith,11243685,11243685
poweredbyhhp,42448209,42448209
sara.hopson1411,4302702145,4302702145
reviva_wellness,reviva_wellness,29121141509
hourglass_diva,hourglass_diva,242775872
lilliandujour,lilliandujour,4403159871
cavispa,cavispa,1146892571
skindeepstpete,skindeepstpete,1531852725
hardnightgoodmorning,hardnightgoodmorning,204597775
auroraestheticinc,auroraestheticinc,32013575904
joymongers_winston,joymongers_winston,18149721341
damarismariag,damarismariag,184510557
the.cancer.nutritionist,the.cancer.nutritionist,1368571810
positiveglowskincare,positiveglowskincare,8097586054
terri_mlotek,terri_mlotek,186047402
amanda_white_microblading,amanda_white_microblading,4905347014
earlycareplan,earlycareplan,4940099031
jami_appenzeller,jami_appenzeller,2077743577
debrakrueger_skinstudio,debrakrueger_skinstudio,3605879166
kristenrbowman,kristenrbowman,1427052201
blushandglow.aesthetics,blushandglow.aesthetics,21209658015
terryshorter,terryshorter,374655186
enlightened_living_medicine,enlightened_living_medicine,6850196416
_joaniemcleod,_joaniemcleod,380556245
flawlessaesthetic,flawlessaesthetic,3056518891
demimuse,demimuse,12541432
the_smile_expert,the_smile_expert,1915001873
mermaid_beauty_center,mermaid_beauty_center,6082285206
marielacogornomd,marielacogornomd,9417571856
summersseedlings,summersseedlings,177112966
exzaltfitness,exzaltfitness,2699538972
b.b.wellness,b.b.wellness,1481955518
evolisprofessionalusa,evolisprofessionalusa,3941089548